"Chris Paul, PG",HOU,58,31.8,5.36,1.63,6.99,11.75
"Stephen Curry, PG",GS,51,32.0,6.59,0.06,6.65,10.97
"Nikola Jokic, C",DEN,75,32.5,4.02,1.95,5.97,14.03
"Anthony Davis, PF",NO,75,36.4,1.85,3.70,5.55,15.56
"Kyle Lowry, PG",TOR,78,32.2,4.15,1.03,5.18,13.59
"Joel Embiid, C",PHI,63,30.3,1.51,3.59,5.10,10.13
"Otto Porter Jr., SF",WSH,77,31.6,2.91,2.05,4.96,12.51
"Tyus Jones, PG",MIN,82,17.9,2.38,2.40,4.78,7.27
"Giannis Antetokounmpo, PF",MIL,75,36.7,2.63,1.60,4.23,12.90
"Al Horford, PF",BOS,72,31.6,1.21,2.68,3.89,10.05
"Kemba Walker, PG",CHA,80,34.2,4.36,-0.55,3.81,12.27
"DeMarcus Cousins, C",NO,48,36.2,2.06,1.60,3.66,7.50
"Joe Ingles, SF",UTAH,82,31.5,2.14,1.36,3.50,10.81
"Kevin Love, C",CLE,59,28.0,1.81,1.59,3.40,6.92
"Kelly Olynyk, PF",MIA,76,23.4,2.44,0.90,3.34,7.11
"LaMarcus Aldridge, PF",SA,75,33.5,1.90,1.24,3.14,9.79
"Jayson Tatum, SF",BOS,80,30.5,0.95,1.97,2.92,9.23
"Ben Simmons, PG",PHI,81,33.7,1.44,1.45,2.89,10.89
"Jordan Bell, C",GS,57,14.2,0.37,2.44,2.81,3.16
"Kristaps Porzingis, PF",NY,48,32.4,0.34,2.27,2.61,5.64
"James Harden, PG",HOU,72,35.4,6.69,0.02,6.71,16.03
"Jimmy Butler, SG",MIN,59,36.7,3.61,2.78,6.39,12.80
"Victor Oladipo, SG",IND,75,34.0,2.74,3.17,5.91,14.77
"Robert Covington, SF",PHI,80,31.6,1.21,4.24,5.45,14.31
"Russell Westbrook, PG",OKC,80,36.4,3.96,1.20,5.16,15.73
"LeBron James, SF",CLE,82,36.9,5.64,-0.68,4.96,15.86
"Damian Lillard, PG",POR,73,36.6,5.28,-0.38,4.90,13.67
"Karl-Anthony Towns, C",MIN,82,35.6,3.80,0.44,4.24,13.50
"Draymond Green, PF",GS,70,32.7,0.70,3.34,4.04,10.98
"Rudy Gobert, C",UTAH,56,32.4,-1.24,5.06,3.82,8.02
"Jrue Holiday, PG",NO,81,36.1,1.63,2.10,3.73,13.12
"Kevin Durant, SF",GS,68,34.2,4.26,-0.65,3.61,10.51
"Tyreke Evans, SG",MEM,52,30.9,2.91,0.55,3.46,6.46
"Fred VanVleet, PG",TOR,76,20.0,2.60,0.80,3.40,6.18
"Nikola Mirotic, PF",NO/CHI,55,27.2,1.76,1.39,3.15,6.20
"Kyle Anderson, SF",SA,74,26.7,-0.08,3.20,3.12,7.79
"Paul George, SF",OKC,79,36.6,2.25,0.65,2.90,11.12
"Nene Hilario, C",HOU,52,14.6,-0.54,3.37,2.83,2.96
"Kyle Korver, SG",CLE,73,21.6,1.87,0.83,2.70,5.99
"Larry Nance Jr., PF",CLE/LAL,66,21.5,-0.53,3.10,2.57,5.33
"Eric Bledsoe, PG",MIL/PHX,74,31.4,2.49,0.06,2.55,8.45
"Spencer Dinwiddie, PG",BKN,80,28.8,2.61,-0.21,2.40,8.09
"Kyrie Irving, PG",BOS,60,32.2,3.74,-1.35,2.39,6.74
"Ekpe Udoh, C",UTAH,63,12.9,-1.35,3.66,2.31,2.78
"Nikola Vucevic, C",ORL,57,29.5,-0.27,2.50,2.23,5.92
"Clint Capela, C",HOU,74,27.5,-0.74,2.88,2.14,6.81
"Al-Farouq Aminu, PF",POR,69,30.0,-0.37,2.37,2.00,6.75
"Salah Mejri, C",DAL,61,12.0,-1.52,3.47,1.95,2.31
"Tomas Satoransky, SG",WSH,73,22.5,1.42,0.48,1.90,5.20
"Gary Harris, SG",DEN,67,34.4,1.71,0.14,1.85,7.31
"Jusuf Nurkic, C",POR,79,26.4,-2.28,4.08,1.80,6.53
"Andre Roberson, SG",OKC,39,26.6,-2.57,4.34,1.77,3.16
"Lucas Nogueira, C",TOR,49,8.5,-1.23,2.92,1.69,1.29
"DeMar DeRozan, SG",TOR,80,33.9,3.42,-1.76,1.66,8.39
"Davis Bertans, C",SA,77,14.1,0.64,1.01,1.65,3.28
"Marc Gasol, C",MEM,73,33.0,-0.15,1.70,1.55,6.91
"Pascal Siakam, PF",TOR,81,20.7,0.44,1.09,1.53,4.94
"Zaza Pachulia, C",GS,69,14.1,-0.32,1.78,1.46,2.99
"Andre Iguodala, SF",GS,64,25.4,-0.88,2.29,1.41,4.81
"Steven Adams, C",OKC,76,32.7,0.57,0.82,1.39,7.16
"Dwight Powell, C",DAL,79,21.2,0.32,2.11,2.43,5.82
"Ricky Rubio, PG",UTAH,77,29.3,0.41,1.98,2.39,7.85
"David West, PF",GS,73,13.7,-1.25,3.63,2.38,3.51
"Darren Collison, PG",IND,69,29.2,2.89,-0.65,2.24,6.89
"Donovan Mitchell, SG",UTAH,79,33.4,1.55,0.60,2.15,8.83
"Blake Griffin, PF",DET/LAC,58,34.0,1.90,0.21,2.11,6.59
"Eric Gordon, SG",HOU,69,31.2,2.75,-0.76,1.99,7.06
"Kyle O'Quinn, C",NY,77,18.0,0.03,1.91,1.94,4.44
"Dirk Nowitzki, C",DAL,77,24.7,1.40,0.49,1.89,6.06
"Klay Thompson, SG",GS,73,34.3,1.68,0.13,1.81,8.21
"Amir Johnson, C",PHI,74,15.8,-1.27,3.05,1.78,3.85
"Dejounte Murray, PG",SA,81,21.5,-1.86,3.60,1.74,5.33
"Trevor Ariza, SF",HOU,67,33.9,0.51,1.15,1.66,7.02
"DeMarre Carroll, SF",BKN,73,29.9,0.24,1.41,1.65,6.64
"Delon Wright, PG",TOR,69,20.8,1.08,0.57,1.65,4.29
"Paul Millsap, PF",DEN,38,30.1,-0.60,2.14,1.54,3.35
"Marvin Williams, PF",CHA,78,25.7,0.47,1.05,1.52,6.05
"Andre Drummond, C",DET,78,33.7,-0.08,1.53,1.45,7.59
"Khris Middleton, SF",MIL,82,36.4,2.57,-1.17,1.40,8.61
"Jaylen Brown, SG",BOS,70,30.7,0.48,0.91,1.39,6.11
"James Johnson, PF",MIA,73,26.6,0.02,1.35,1.37,5.49
"Kevon Looney, SF",GS,66,13.8,-0.97,2.29,1.32,2.63
"Bradley Beal, SG",WSH,82,36.3,1.99,-0.74,1.25,8.31
"PJ Tucker, SF",HOU,82,27.8,0.06,1.15,1.21,6.27
"John Wall, PG",WSH,41,34.4,1.30,-0.13,1.17,3.96
"Thaddeus Young, PF",IND,81,32.2,-0.46,1.55,1.09,6.97
"Marreese Speights, PF",ORL,52,13.0,-0.01,1.07,1.06,1.80
"Ed Davis, PF",POR,78,18.9,-1.39,2.42,1.03,3.79
"Jonas Valanciunas, C",TOR,77,22.4,-0.13,1.12,0.99,4.60
"Jeremy Lamb, SG",CHA,80,24.6,1.62,-0.64,0.98,5.14
"Josh Richardson, SF",MIA,81,33.2,0.34,0.62,0.96,6.88
"Ersan Ilyasova, PF",ATL/PHI,69,25.1,0.62,0.30,0.92,3.03
"Royce O'Neale, SF",UTAH,69,16.7,-1.07,1.97,0.90,2.88
"Jose Calderon, PG",CLE,57,16.0,0.28,0.52,0.80,2.27
"Tim Hardaway Jr., SF",NY,57,33.1,1.28,-0.49,0.79,4.81
"Aaron Gordon, PF",ORL,58,32.9,0.22,0.50,0.72,4.81
"Montrezl Harrell, PF",LAC,76,17.0,1.01,-0.31,0.70,3.25
"Serge Ibaka, PF",TOR,76,27.5,-0.29,0.95,0.66,5.17
"Channing Frye, PF",CLE/LAL,53,13.1,-0.04,0.67,0.63,1.70
"Lou Williams, SG",LAC,79,32.8,4.25,-3.64,0.61,6.42
"Thabo Sefolosha, SF",UTAH,38,21.2,-0.64,1.97,1.33,2.26
"Tobias Harris, SF",DET/LAC,80,33.4,2.27,-1.02,1.25,7.51
"Terry Rozier, PG",BOS,80,25.9,1.18,0.04,1.22,5.64
"Kent Bazemore, SG",ATL,65,27.5,0.22,0.96,1.18,4.94
"Lonzo Ball, PG",LAL,52,34.2,-1.19,2.31,1.12,4.98
"Yogi Ferrell, PG",DAL,82,27.8,-0.12,1.21,1.09,6.04
"Justin Holiday, SG",CHI,72,31.5,0.25,0.81,1.06,6.16
"Pau Gasol, C",SA,77,23.5,-1.07,2.08,1.01,4.73
"Boban Marjanovic, C",DET/LAC,39,8.7,-0.47,1.45,0.98,0.91
"Nemanja Bjelica, PF",MIN,67,20.5,-0.36,1.32,0.96,3.61
"Marcus Smart, PG",BOS,54,29.9,-0.65,1.61,0.96,4.19
"Luc Mbah a Moute, PF",HOU,61,25.6,-0.80,1.72,0.92,3.97
"Kawhi Leonard, SF",SA,9,23.3,-1.18,1.99,0.81,0.53
"Langston Galloway, SG",DET,58,14.9,0.16,0.64,0.80,2.13
"Will Barton, SF",DEN,81,33.1,1.77,-1.03,0.74,6.55
"Anthony Tolliver, PF",DET,79,22.2,1.23,-0.53,0.70,4.24
"Jeff Teague, PG",MIN,70,33.0,1.43,-0.74,0.69,5.67
"Dwight Howard, C",CHA,81,30.4,-1.11,1.75,0.64,5.99
"John Henson, C",MIL,76,25.9,-1.67,2.30,0.63,4.71
"Dewayne Dedmon, C",ATL,62,24.9,-1.08,1.69,0.61,3.73
"OG Anunoby, SF",TOR,74,20.0,-0.32,0.91,0.59,3.56
"DeAndre Jordan, C",LAC,77,31.5,-0.75,1.32,0.57,5.79
"JJ Redick, SG",PHI,70,30.2,2.47,-1.92,0.55,5.15
"Jonas Jerebko, PF",UTAH,74,15.3,0.40,0.13,0.53,2.62
"Brandan Wright, F",HOU/MEM,28,13.6,-1.28,1.77,0.49,0.85
"Maximilian Kleber, PF",DAL,72,16.8,-1.49,1.96,0.47,2.77
"Mike Muscala, PF",ATL,53,20.0,0.09,0.35,0.44,2.49
"Myles Turner, C",IND,65,28.2,-1.21,1.64,0.43,4.17
"Willy Hernangomez, C",NY/CHA,48,10.3,-1.09,1.51,0.42,1.15
"Daniel Theis, PF",BOS,63,14.8,-1.30,1.68,0.38,2.04
"Dario Saric, PF",PHI,78,29.6,0.97,-0.64,0.33,5.25
"Brook Lopez, C",LAL,74,23.4,0.20,0.09,0.29,3.94
"Rudy Gay, SF",SA,57,21.6,-0.54,0.81,0.27,2.62
"Justise Winslow, SF",MIA,68,24.7,-1.69,1.96,0.27,3.60
"Eric Moreland, C",DET,67,12.0,-2.96,3.21,0.25,1.68
"Taj Gibson, PF",MIN,82,33.3,-0.36,0.57,0.21,5.76
"Andrew Bogut, C",LAL,24,9.0,-2.18,2.31,0.13,0.47
"D.J. Augustin, PG",ORL,75,23.5,0.68,-0.67,0.01,3.55
"Evan Fournier, SG",ORL,57,32.2,1.32,-1.34,-0.02,3.76
"Jared Dudley, SF",PHX,48,14.3,-0.89,0.81,-0.08,1.36
"Julius Randle, PF",LAL,82,26.7,0.71,-0.13,0.58,5.28
"Kentavious Caldwell-Pope, SG",LAL,74,33.2,0.88,-0.32,0.56,5.90
"Aron Baynes, C",BOS,81,18.3,-3.26,3.81,0.55,3.38
"Derrick Favors, PF",UTAH,77,28.0,-0.46,0.99,0.53,4.96
"Hassan Whiteside, C",MIA,54,25.3,-3.04,3.53,0.49,3.18
"George Hill, PG",CLE/SAC,67,27.0,0.87,-0.42,0.45,4.08
"Jakob Poeltl, C",TOR,82,18.6,-0.50,0.94,0.44,3.46
"Shabazz Napier, PG",POR,74,20.7,0.30,0.12,0.42,3.39
"Goran Dragic, PG",MIA,75,31.7,1.25,-0.85,0.40,5.30
"Dakari Johnson, C",OKC,31,5.2,-1.76,2.10,0.34,0.34
"Devin Harris, PG",DAL/DEN,71,18.9,1.00,-0.69,0.31,2.93
"Jamal Murray, PG",DEN,81,31.7,2.62,-2.33,0.29,5.51
"Jamil Wilson, SF",LAC,15,18.3,-0.64,0.91,0.27,0.59
"Omri Casspi, SF",GS,53,14.0,-0.85,1.11,0.26,1.66
"Jeff Green, SF",CLE,78,23.4,0.12,0.12,0.24,4.00
"Shaquille Harrison, PG",PHX,23,16.7,-0.57,0.75,0.18,0.86
"Willie Reed, C",DET/LAC,42,10.2,-0.65,0.78,0.13,0.93
"Danny Green, SG",SA,70,25.6,-1.16,1.16,0.00,3.49
"Marcin Gortat, C",WSH,82,25.3,-2.12,2.05,-0.07,4.02
"Mario Chalmers, PG",MEM,66,21.5,-1.11,1.01,-0.10,2.71
"Cody Zeller, C",CHA,33,19.0,-1.36,1.25,-0.11,1.20
"Enes Kanter, C",NY,71,25.8,-0.02,-0.12,-0.14,3.52
"Alan Williams, C",PHX,5,14.0,-2.16,2.00,-0.16,0.13
"Kendrick Perkins, C",CLE,1,15.0,-1.69,1.50,-0.19,0.03
"Buddy Hield, SG",SAC,80,25.3,0.77,-0.98,-0.21,3.67
"JaKarr Sampson, SF",SAC,22,15.6,-2.13,1.91,-0.22,0.62
"Tyson Chandler, C",PHX,46,25.0,-2.28,2.02,-0.26,2.14
"JaVale McGee, C",GS,65,9.5,-0.61,0.30,-0.31,1.15
"Ish Smith, PG",DET,82,24.9,0.18,-0.50,-0.32,3.64
"Nick Collison, F",OKC,15,5.0,-1.94,1.59,-0.35,0.14
"Meyers Leonard, C",POR,33,7.7,-0.85,0.49,-0.36,0.46
"Ivica Zubac, C",LAL,43,9.5,-2.19,1.81,-0.38,0.72
"Richaun Holmes, PF",PHI,48,15.5,-0.95,0.51,-0.44,1.33
"Patrick Patterson, PF",OKC,82,15.5,-0.90,0.44,-0.46,2.05
"Tyler Johnson, SG",MIA,72,28.5,-0.04,-0.43,-0.47,3.47
"John Collins, PF",ATL,74,24.1,-1.54,1.05,-0.49,3.04
"Frank Kaminsky, PF",CHA,79,23.2,1.57,-2.07,-0.50,3.05
"Travis Wear, SF",LAL,17,13.4,-1.73,1.20,-0.53,0.02
"Mason Plumlee, C",DEN,74,19.5,-1.52,0.97,-0.55,2.36
"Bam Adebayo, C",MIA,69,19.8,-2.29,1.71,-0.58,2.16
"Reggie Bullock, SG",DET,62,27.9,0.38,-0.51,-0.13,3.28
"Raul Neto, PG",UTAH,41,12.1,-0.76,0.62,-0.14,0.94
"Trey Lyles, PF",DEN,73,19.1,0.73,-0.89,-0.16,2.58
"Vince Carter, SG",SAC,58,17.7,-1.15,0.94,-0.21,1.86
"Domantas Sabonis, C",IND,74,24.5,-0.43,0.22,-0.21,3.36
"Milos Teodosic, PG",LAC,45,25.2,-0.02,-0.23,-0.25,2.18
"Danilo Gallinari, SF",LAC,21,32.0,-1.39,1.11,-0.28,1.21
"Reggie Jackson, PG",DET,45,26.7,0.68,-0.99,-0.31,2.13
"CJ McCollum, SG",POR,81,36.1,1.71,-2.04,-0.33,5.16
"CJ Miles, SF",TOR,70,19.1,0.89,-1.24,-0.35,2.36
"Wayne Ellington, SG",MIA,77,26.5,1.40,-1.78,-0.38,3.47
"Marshall Plumlee, C",MIL,8,6.5,-2.02,1.61,-0.41,0.09
"Matt Costello, SF",SA,4,8.0,-1.72,1.28,-0.44,0.05
"Ron Baker, SG",NY,29,13.3,-1.29,0.83,-0.46,0.65
"Allen Crabbe, SG",BKN,75,29.3,0.65,-1.13,-0.48,3.75
"Nicolas Batum, SG",CHA,64,31.0,0.57,-1.07,-0.50,3.38
"Derrick White, PG",SA,17,8.2,-0.98,0.46,-0.52,0.24
"Ian Mahinmi, C",WSH,77,14.9,-1.99,1.45,-0.54,1.89
"Jack Cooley, C",SAC,7,12.4,-1.70,1.12,-0.58,0.13
"Julyan Stone, G",CHA,23,7.6,-1.38,0.79,-0.59,0.29
"Jerian Grant, PG",CHI,74,22.8,0.59,-1.23,-0.64,2.65
"Mike Conley, PG",MEM,12,31.1,-0.66,0.00,-0.66,0.56
"Isaiah Canaan, PG",HOU/PHX,20,21.1,-0.31,-0.35,-0.66,0.66
"Joe Harris, SF",BKN,78,25.3,0.93,-1.62,-0.69,3.08
"Emeka Okafor, C",NO,26,13.6,-1.84,1.11,-0.73,0.01
"Josh Hart, SG",LAL,63,23.2,0.31,-1.04,-0.73,2.26
"Jon Leuer, PF",DET,8,17.0,-2.46,1.72,-0.74,0.22
"Jameel Warney, PF",DAL,3,9.0,-1.83,1.08,-0.75,0.03
"Mangok Mathiang, PF",CHA,4,5.0,-1.92,1.16,-0.76,0.03
"Gerald Green, SG",HOU,41,22.7,0.01,-0.78,-0.77,1.40
"Joakim Noah, C",NY,7,5.7,-2.28,1.49,-0.79,0.06
"Cory Joseph, PG",IND,82,27.0,-0.16,-0.66,-0.82,3.25
"Nerlens Noel, C",DAL,30,15.7,-3.19,2.36,-0.83,0.69
"Jarrett Jack, PG",NY,62,25.0,-0.44,-0.40,-0.84,2.25
"Josh McRoberts, PF",DAL,2,3.0,-1.97,1.11,-0.86,0.01
"Willie Cauley-Stein, C",SAC,73,28.0,-1.69,0.82,-0.87,2.91
"Cole Aldrich, C",MIN,21,2.3,-2.03,1.12,-0.91,0.07
"Mirza Teletovic, PF",MIL,10,15.9,-1.35,0.41,-0.94,0.22
"Devin Booker, SG",PHX,54,34.5,1.49,-2.44,-0.95,2.71
"Darius Miller, SF",NO,82,23.7,1.32,-2.28,-0.96,2.75
"Bobby Portis, PF",CHI,73,22.5,1.44,-2.09,-0.65,2.65
"MarShon Brooks, SG",MEM,7,27.6,0.40,-1.06,-0.66,0.30
"Nigel Hayes, SF",LAL/SAC/TOR,9,13.6,-1.59,0.93,-0.66,0.02
"Khem Birch, C",ORL,42,13.8,-1.29,0.59,-0.70,0.89
"Adreian Payne, PF",ORL,5,8.6,-1.43,0.70,-0.73,0.06
"Patty Mills, PG",SA,82,25.7,1.41,-2.15,-0.74,3.16
"Luke Kennard, SG",DET,73,20.0,-0.15,-0.59,-0.74,2.16
"Carmelo Anthony, F",OKC,78,32.1,0.49,-1.25,-0.76,3.81
"Jerami Grant, SF",OKC,81,20.3,-0.38,-0.38,-0.76,2.44
"Wesley Johnson, SF",LAC,74,20.1,-2.30,1.53,-0.77,2.31
"Al Jefferson, C",IND,36,13.4,-1.78,0.96,-0.82,0.70
"J.J. Barea, PG",DAL,69,23.2,1.45,-2.28,-0.83,2.32
"Rondae Hollis-Jefferson, SF",BKN,68,28.3,-0.93,0.10,-0.83,2.88
"Shelvin Mack, G",ORL,69,19.8,0.08,-0.93,-0.85,1.96
"Derrick Williams, PF",LAL,2,4.5,-2.11,1.25,-0.86,0.01
"Andre Ingram, SG",LAL,2,32.0,-1.12,0.23,-0.89,0.10
"James Michael McAdoo, SF",PHI,3,6.0,-1.68,0.75,-0.93,0.03
"Malcolm Brogdon, PG",MIL,48,29.9,0.03,-0.97,-0.94,1.98
"Manu Ginobili, SG",SA,65,20.0,0.68,-1.64,-0.96,1.78
"Jeff Withey, C",DAL,10,3.9,-1.81,0.85,-0.96,0.05
"Denzel Valentine, SF",CHI,77,27.2,-0.58,-0.38,-0.96,2.92
"Rajon Rondo, PG",NO,65,26.2,-0.60,-0.37,-0.97,2.46
"Austin Rivers, PG",LAC,61,33.7,1.24,-2.23,-0.99,2.81
"Jacob Wiley, SF",BKN,5,6.6,-1.72,0.71,-1.01,0.05
"Trey Burke, PG",NY,36,21.8,2.08,-3.13,-1.05,1.05
"Wade Baldwin IV, PG",POR,7,11.4,-1.26,0.19,-1.07,0.11
"Jason Terry, SG",MIL,51,16.0,-1.36,0.26,-1.10,1.04
"Cedi Osman, SF",CLE,61,11.0,-0.37,-0.74,-1.11,0.87
"Alex Len, C",PHX,69,20.2,-1.28,0.16,-1.12,1.86
"Wilson Chandler, SF",DEN,74,31.6,-0.79,-0.35,-1.14,2.95
"E'Twaun Moore, SF",NO,82,31.5,0.35,-1.50,-1.15,3.34
"Justin Patton, C",MIN,1,4.0,-1.89,0.74,-1.15,0.01
"Chinanu Onuaku, C",HOU,1,22.0,-2.08,0.89,-1.19,0.02
"Kyle Singler, SF",OKC,12,4.9,-2.21,1.01,-1.20,0.07
"Dillon Brooks, SF",MEM,82,28.7,-1.02,-0.18,-1.20,2.80
"Kris Dunn, PG",CHI,52,29.3,-0.67,-0.55,-1.22,1.90
"Markieff Morris, PF",WSH,73,27.0,-1.14,-0.12,-1.26,2.32
"Malcolm Miller, SF",TOR,15,8.4,-1.56,0.27,-1.29,0.15
"Ryan Anderson, PF",HOU,66,26.1,0.64,-1.96,-1.32,2.00
"Thomas Bryant, C",LAL,15,4.8,-1.93,0.61,-1.32,0.09
"Stanley Johnson, SF",DET,69,27.4,-1.74,0.78,-0.96,2.59
"Bojan Bogdanovic, SF",IND,80,30.8,-0.26,-0.72,-0.98,3.37
"Kosta Koufos, C",SAC,71,19.6,-1.98,0.98,-1.00,1.84
"Tyler Cavanaugh, F",ATL,39,13.3,-0.59,-0.44,-1.03,0.69
"Damion Lee, SG",ATL,15,26.9,-1.78,0.73,-1.05,0.56
"Glenn Robinson III, SG",IND,23,14.7,-1.59,0.51,-1.08,0.44
"Udonis Haslem, PF",MIA,14,5.1,-2.50,1.39,-1.11,0.09
"Patrick Beverley, PG",LAC,11,30.4,-1.17,0.05,-1.12,0.42
"Ante Zizic, PF",CLE,32,6.7,-0.96,-0.16,-1.12,0.28
"Shane Larkin, PG",BOS,54,14.4,-1.85,0.71,-1.14,0.95
"Gian Clavell, SG",DAL,7,9.1,-0.59,-0.56,-1.15,0.08
"Timofey Mozgov, C",BKN,31,11.6,-3.03,1.86,-1.17,0.46
"Guerschon Yabusele, PF",BOS,33,7.1,-1.59,0.40,-1.19,0.29
"Mike James, PG",NO/PHX,36,19.1,-0.41,-0.79,-1.20,0.86
"Tyler Zeller, C",MIL/BKN,66,16.8,-1.81,0.59,-1.22,1.37
"Alec Peters, PF",PHX,20,11.3,-1.32,0.10,-1.22,0.28
"Courtney Lee, SG",NY,76,30.4,0.30,-1.58,-1.28,2.71
"Joel Bolomboy, PF",MIL,6,6.3,-1.84,0.55,-1.29,0.04
"Michael Carter-Williams, PG",CHA,52,16.1,-2.41,1.09,-1.32,0.94
"Georges Niang, SF",UTAH,9,3.6,-2.16,0.83,-1.33,0.04
"Jacob Pullen, PG",PHI,3,2.0,-1.32,-0.02,-1.34,0.01
"Omari Johnson, F",MEM,4,18.8,-1.39,0.03,-1.36,0.08
"Luol Deng, SF",LAL,1,13.0,-1.99,0.62,-1.37,0.02
"Naz Mitrou-Long, G",UTAH,1,1.0,-1.29,-0.09,-1.38,0.00
"Trey McKinney-Jones, SG",IND,1,1.0,-1.89,0.49,-1.40,0.00
"Johnathan Motley, PF",DAL,11,16.0,-1.94,0.53,-1.41,0.18
"Brice Johnson, PF",LAC/MEM,18,5.4,-2.12,0.70,-1.42,0.11
"Tony Bradley, C",UTAH,9,3.2,-2.04,0.61,-1.43,0.03
"Michael Beasley, SF",NY,74,22.3,-0.42,-1.04,-1.46,1.76
"Sam Dekker, F",LAC,73,12.1,-1.88,0.42,-1.46,0.96
"Pat Connaughton, SG",POR,82,18.1,-0.08,-1.39,-1.47,1.55
"Caleb Swanigan, PF",POR,27,7.0,-2.64,1.16,-1.48,0.20
"Kyle Kuzma, PF",LAL,77,31.2,0.01,-1.54,-1.53,2.49
"Raymond Felton, PG",OKC,82,16.6,-0.50,-1.06,-1.56,1.28
"Kenneth Faried, PF",DEN,32,14.4,-2.05,0.49,-1.56,0.45
"Cameron Payne, PG",CHI,25,23.3,-0.79,-0.78,-1.57,0.60
"Dante Exum, PG",UTAH,14,16.8,-0.91,-0.66,-1.57,0.24
"Lauri Markkanen, PF",CHI,68,29.7,-0.69,-0.89,-1.58,2.00
"Brandon Ingram, SF",LAL,59,33.5,-1.31,-0.28,-1.59,1.97
"Dwyane Wade, SG",CLE/MIA,67,22.9,-1.83,0.23,-1.60,1.51
"Maurice Harkless, SF",POR,59,21.4,-1.25,-0.11,-1.36,1.40
"Tyler Ennis, G",LAL,54,12.6,-2.28,0.92,-1.36,0.78
"Tim Frazier, PG",WSH,59,14.2,-1.69,0.32,-1.37,0.93
"Alex Abrines, SG",OKC,75,15.1,-0.35,-1.03,-1.38,1.21
"Okaro White, F",MIA,6,13.3,-1.56,0.15,-1.41,0.09
"Trevor Booker, PF",IND/BKN/PHI,68,17.0,-1.15,-0.27,-1.42,0.98
"Rodney McGruder, SG",MIA,18,16.6,-0.94,-0.49,-1.43,0.32
"Kyle Collinsworth, PG",DAL,32,15.0,-1.28,-0.16,-1.44,0.02
"Iman Shumpert, SG",CLE,14,19.7,-2.26,0.80,-1.46,0.30
"Gordon Hayward, SF",BOS,1,5.0,-1.69,0.22,-1.47,0.01
"Kelly Oubre Jr., SF",WSH,81,27.5,-0.19,-1.29,-1.48,2.36
"Antonius Cleveland, SG",ATL/DAL,17,7.2,-1.90,0.39,-1.51,0.06
"Nicolas Brussino, SF",ATL,4,2.5,-1.37,-0.16,-1.53,0.01
"Luke Babbitt, SF",ATL/MIA,50,14.3,-0.49,-1.07,-1.56,0.73
"Erik McCree, SF",UTAH,4,2.0,-1.95,0.38,-1.57,0.01
"Damian Jones, C",GS,15,5.9,-2.27,0.70,-1.57,0.09
"Reggie Hearn, SG",DET,3,2.3,-1.63,0.05,-1.58,0.01
"Xavier Silas, G",BOS,2,3.5,-1.77,0.18,-1.59,0.01
"Jarrett Allen, C",BKN,72,20.0,-2.46,0.87,-1.59,1.42
"Michael Kidd-Gilchrist, SF",CHA,74,25.0,-1.89,0.29,-1.60,1.83
"Isaiah Whitehead, G",BKN,16,11.3,-2.24,0.63,-1.61,0.18
"Ike Anigbogu, C",IND,11,2.7,-1.72,0.10,-1.62,0.03
"T.J. McConnell, PG",PHI,76,22.4,-1.59,-0.04,-1.63,1.69
"Tyler Lydon, PF",DEN,1,2.0,-1.90,0.24,-1.66,0.00
"Tim Quarterman, G",HOU,3,4.3,-1.73,0.06,-1.67,0.00
"Andrew Harrison, SG",MEM,56,23.7,-1.01,-0.68,-1.69,1.16
"Jeremy Evans, F",ATL,1,5.0,-1.73,0.03,-1.70,0.01
"Marco Belinelli, SG",ATL/PHI,80,24.3,1.14,-2.85,-1.71,1.79
"Taurean Prince, SF",ATL,82,30.0,0.04,-1.76,-1.72,2.25
"Josh Magette, G",ATL,18,12.0,-1.41,-0.31,-1.72,0.19
"Alfonzo McKinnie, F",TOR,14,3.8,-1.70,-0.04,-1.74,0.05
"Noah Vonleh, PF",CHI/POR,54,16.2,-3.18,1.44,-1.74,0.78
"Greg Monroe, C",BOS/MIL/PHX,51,20.4,-1.13,-0.63,-1.76,0.91
"Derrick Jones Jr., SF",MIA/PHX,20,12.3,-1.06,-0.70,-1.76,0.03
"Dante Cunningham, SF",NO/BKN,73,21.4,-1.74,-0.04,-1.78,1.37
"Luke Kornet, PF",NY,20,16.4,-1.76,-0.03,-1.79,0.28
"Jordan Clarkson, PG",CLE/LAL,81,23.3,-0.05,-1.75,-1.80,1.63
"Scotty Hopson, SG",DAL,1,8.0,-1.79,-0.03,-1.82,0.01
"Monte Morris, PG",DEN,3,8.3,-1.42,-0.40,-1.82,0.02
"Quincy Acy, SF",BKN,70,19.4,-1.46,-0.38,-1.84,1.12
"Andrew Wiggins, SF",MIN,82,36.3,0.22,-1.84,-1.62,2.85
"Darrell Arthur, PF",DEN,19,7.4,-1.98,0.35,-1.63,0.14
"Marquese Chriss, PF",PHX,72,21.2,-2.40,0.76,-1.64,1.51
"Jabari Bird, SG",BOS,13,8.8,-1.33,-0.34,-1.67,0.10
"Sindarius Thornwell, SG",LAC,73,15.8,-2.98,1.30,-1.68,1.09
"Tony Allen, SG",NO,22,12.4,-2.13,0.43,-1.70,0.26
"Jeremy Lin, PG",BKN,1,25.0,-1.54,-0.16,-1.70,0.03
"Terrence Ross, SG",ORL,24,25.0,-2.17,0.46,-1.71,0.56
"Bryn Forbes, SG",SA,80,19.0,0.41,-2.13,-1.72,1.35
"Damien Wilkins, SG",IND,19,8.0,-1.79,0.06,-1.73,0.11
"Alex Poythress, F",IND,25,4.2,-1.81,0.07,-1.74,0.09
"Devin Robinson, SF",WSH,1,13.0,-1.53,-0.21,-1.74,0.01
"Daniel Hamilton, SG",OKC,6,4.7,-1.70,-0.06,-1.76,0.02
"D.J. Wilson, PF",MIL,22,3.2,-2.08,0.31,-1.77,0.06
"Dennis Schroder, PG",ATL,67,31.0,0.84,-2.63,-1.79,1.79
"Omer Asik, C",NO/CHI,18,10.1,-2.61,0.81,-1.80,0.15
"Bogdan Bogdanovic, SG",SAC,78,27.9,0.32,-2.13,-1.81,1.80
"Myke Henry, F",MEM,20,18.9,-1.55,-0.27,-1.82,0.31
"Shaun Livingston, PG",GS,71,15.9,-1.63,-0.21,-1.84,0.95
"Rashad Vaughn, G",MIL/BKN/ORL,28,7.6,-1.19,-0.65,-1.84,0.14
"Luis Montero, SG",DET,2,4.0,-1.51,-0.35,-1.86,0.01
"Marcus Morris, PF",BOS,54,26.7,-0.59,-1.29,-1.88,1.15
"Chris Boucher, F",GS,1,1.0,-1.62,-0.27,-1.89,0.00
"Dorian Finney-Smith, SF",DAL,21,21.3,-2.61,0.71,-1.90,0.35
"Garrett Temple, SF",SAC,65,24.8,-1.56,-0.37,-1.93,1.21
"Isaiah Taylor, G",ATL,67,17.4,-1.18,-0.79,-1.97,0.88
"Damyean Dotson, SG",NY,44,10.8,-2.07,0.05,-2.02,0.34
"Mario Hezonja, SF",ORL,75,22.1,-0.74,-1.30,-2.04,1.16
"Chandler Parsons, SF",MEM,36,19.2,-0.08,-1.97,-2.05,0.47
"Sterling Brown, SG",MIL,54,14.4,-2.72,0.67,-2.05,0.53
"Treveon Graham, SG",CHA,63,16.7,-1.32,-0.74,-2.06,0.71
"Jonathan Isaac, PF",ORL,27,19.8,-3.86,1.78,-2.08,0.36
"Ben Moore, F",IND,2,4.5,-1.72,-0.38,-2.10,0.01
"Robin Lopez, C",CHI,64,26.4,-2.84,0.71,-2.13,1.08
"Quinn Cook, PG",GS,33,22.4,-0.10,-2.03,-2.13,0.48
"Alex Caruso, SG",LAL,37,15.2,-2.24,0.10,-2.14,0.36
"Markelle Fultz, PG",PHI,14,18.1,-2.52,0.36,-2.16,0.17
"Ramon Sessions, PG",NY/WSH,28,14.0,-2.20,0.01,-2.19,0.10
"Bruno Caboclo, SF",SAC/TOR,12,8.9,-2.16,-0.05,-2.21,0.06
"Richard Jefferson, SF",DEN,20,8.2,-2.35,0.12,-2.23,0.09
"Marcus Paige, PG",CHA,5,5.6,-1.47,-0.40,-1.87,0.02
"Mike Scott, PF",WSH,76,18.5,-0.22,-1.67,-1.89,1.11
"Harrison Barnes, SF",DAL,77,34.2,-0.49,-1.41,-1.90,2.04
"PJ Dozier, PG",OKC,2,1.5,-1.76,-0.14,-1.90,0.00
"Ryan Arcidiacono, PG",CHI,24,12.7,-1.94,-0.03,-1.97,0.23
"C.J. Williams, SG",LAC,38,18.6,-1.82,-0.20,-2.02,0.50
"Edmond Sumner, PG",IND,1,2.0,-1.57,-0.45,-2.02,0.00
"Troy Williams, F",HOU/NY,21,14.6,-2.11,0.07,-2.04,0.01
"Tony Snell, SG",MIL,75,27.4,-0.09,-1.96,-2.05,1.41
"Elfrid Payton, PG",ORL/PHX,63,28.7,-0.11,-1.95,-2.06,1.27
"Caris LeVert, SG",BKN,71,26.3,-0.58,-1.49,-2.07,1.27
"Justin Anderson, SG",PHI,38,13.7,-1.60,-0.49,-2.09,0.35
"Kadeem Allen, SG",BOS,18,5.9,-2.20,0.10,-2.10,0.07
"Jae Crowder, PF",CLE/UTAH,80,26.1,-0.94,-1.19,-2.13,1.33
"Johnny O'Bryant III, PF",CHA,36,10.5,-3.07,0.94,-2.13,0.23
"James Young, SG",PHI,6,10.2,-2.00,-0.15,-2.15,0.04
"Aaron Jackson, PG",HOU,1,35.0,-1.82,-0.35,-2.17,0.02
"Doug McDermott, SF",DAL/NY,81,21.8,-0.43,-1.76,-2.19,1.05
"James Ennis III, SF",DET/MEM,72,22.3,-1.00,-1.22,-2.22,0.90
"Markel Brown, SG",HOU,4,7.8,-1.71,-0.52,-2.23,0.02
"Darrun Hilliard, SG",SA,14,6.8,-1.88,-0.36,-2.24,0.05
"Derrick Walton Jr., PG",MIA,16,9.2,-1.65,-0.62,-2.27,0.08
"Walt Lemon Jr., G",NO,5,7.0,-1.77,-0.55,-2.32,0.01
"Alec Burks, SG",UTAH,64,16.5,-0.69,-1.64,-2.33,0.53
"Charles Cooke, SG",NO,13,2.9,-2.21,-0.12,-2.33,0.02
"Chris McCullough, PF",WSH,19,4.7,-1.97,-0.41,-2.38,0.04
"D'Angelo Russell, PG",BKN,48,25.7,0.23,-2.65,-2.42,0.57
"Marcus Georges-Hunt, SG",MIN,42,5.3,-1.78,-0.66,-2.44,0.10
"Briante Weber, PG",HOU/MEM,18,13.2,-1.58,-0.87,-2.45,0.05
"Solomon Hill, SF",NO,12,15.6,-2.63,0.16,-2.47,0.09
"Henry Ellenson, PF",DET,38,8.7,-2.85,0.37,-2.48,0.14
"Cheick Diallo, PF",NO,52,11.2,-1.64,-0.88,-2.52,0.23
"Malcolm Delaney, PG",ATL,54,18.8,-1.51,-1.03,-2.54,0.38
"Jordan Mickey, C",MIA,23,12.3,-2.67,0.04,-2.63,0.09
"Frank Ntilikina, PG",NY,78,21.9,-2.60,-0.05,-2.65,0.52
"Avery Bradley, SG",DET/LAC,46,31.2,-2.18,-0.53,-2.71,0.38
"Ivan Rabb, PF",MEM,36,14.3,-1.34,-1.39,-2.73,0.13
"Zach Randolph, PF",SAC,59,25.6,-0.83,-1.94,-2.77,0.33
"Matthew Dellavedova, PG",MIL,38,18.7,-1.53,-1.25,-2.78,0.15
"Jalen Jones, F",NO/DAL,16,11.3,-1.60,-1.21,-2.81,0.03
"Dwight Buycks, G",DET,29,14.7,-1.98,-0.27,-2.25,0.23
"JR Smith, SG",CLE,80,28.1,-0.06,-2.23,-2.29,1.20
"Juan Hernangomez, PF",DEN,25,11.1,-2.10,-0.22,-2.32,0.14
"Xavier Munford, PG",MIL,6,3.5,-1.79,-0.54,-2.33,0.01
"Marquis Teague, G",MEM,3,24.7,-1.84,-0.51,-2.35,0.04
"TJ Warren, SF",PHX,65,33.0,-0.29,-2.10,-2.39,1.04
"Brandon Paul, G",SA,64,9.0,-3.01,0.58,-2.43,0.26
"Nick Young, SG",GS,80,17.4,-0.05,-2.40,-2.45,0.62
"Wayne Selden, SG",MEM,35,19.7,-0.89,-1.56,-2.45,0.30
"Tyrone Wallace, SG",LAC,30,28.4,-2.41,-0.07,-2.48,0.37
"Milton Doyle, SG",BKN,10,12.5,-2.28,-0.22,-2.50,0.05
"Wesley Matthews, SG",DAL,63,33.8,-0.51,-2.03,-2.54,0.79
"Frank Mason III, PG",SAC,52,18.9,-0.88,-1.71,-2.59,0.32
"Georgios Papagiannis, C",POR/SAC,17,7.2,-2.17,-0.46,-2.63,0.04
"Demetrius Jackson, PG",HOU/PHI,15,5.3,-2.28,-0.40,-2.68,0.02
"Isaiah Hicks, PF",NY,18,13.3,-2.48,-0.23,-2.71,0.06
"Jake Layman, SF",POR,35,4.6,-2.34,-0.41,-2.75,0.04
"Jamel Artis, SG",ORL,15,18.6,-2.42,-0.35,-2.77,0.06
"Tarik Black, PF",HOU,51,10.5,-3.31,0.50,-2.81,0.11
"Timothe Luwawu-Cabarrot, SG",PHI,52,15.5,-2.02,-0.79,-2.81,0.17
"Lance Thomas, SF",NY,73,18.5,-2.87,0.03,-2.84,0.24
"Jabari Parker, PF",MIL,31,24.0,-1.18,-1.70,-2.88,0.12
"Jodie Meeks, SG",WSH,77,14.5,-0.57,-2.32,-2.89,0.17
"Nik Stauskas, SG",BKN/PHI,41,12.8,-2.03,-0.87,-2.90,0.07
"Jaylen Morris, G",ATL,6,16.3,-2.38,-0.55,-2.93,0.01
"DeAndre Liggins, SG",NO/MIL,58,12.5,-2.59,-0.35,-2.94,0.05
"Jarell Martin, PF",MEM,73,22.8,-2.52,-0.46,-2.98,0.15
"Tyler Ulis, G",PHX,71,23.4,-1.55,-1.45,-3.00,0.14
"Brandon Jennings, G",MIL,14,14.6,-2.01,-1.06,-3.07,0.01
"Justin Jackson, SF",SAC,68,22.1,-2.18,-0.89,-3.07,0.05
"Jonathon Simmons, SF",ORL,69,29.4,-0.58,-2.52,-3.10,0.03
"Gorgui Dieng, C",MIN,79,16.9,-2.36,-0.75,-3.11,0.01
"DeAndre' Bembry, SF",ATL,26,17.5,-2.94,-0.18,-3.12,0.00
"JaMychal Green, PF",MEM,55,28.0,-2.01,-1.16,-3.17,-0.04
"John Holland, G",CLE,24,7.3,-2.35,-0.86,-3.21,-0.01
"Zach LaVine, PG",CHI,24,27.3,-1.16,-2.14,-3.30,-0.08
"Josh Huestis, SG",OKC,69,14.2,-3.89,0.58,-3.31,-0.11
"Corey Brewer, SG",LAL/OKC,72,16.8,-2.77,-0.61,-3.38,-0.12
"Jahlil Okafor, C",BKN/PHI,28,12.6,-3.24,-0.19,-3.43,-0.07
"Thon Maker, C",MIL,74,16.7,-2.26,-1.29,-3.55,-0.33
"London Perrantes, G",CLE,14,4.7,-2.10,-0.77,-2.87,0.01
"Deyonta Davis, C",MEM,62,15.2,-1.38,-1.50,-2.88,0.15
"David Nwaba, SF",CHI,70,23.5,-1.56,-1.33,-2.89,0.25
"Antonio Blakeney, SG",CHI,19,16.5,-1.79,-1.13,-2.92,0.04
"Bobby Brown, PG",HOU,20,5.8,-1.65,-1.29,-2.94,0.01
"Xavier Rathan-Mayes, SG",MEM,5,23.6,-2.42,-0.53,-2.95,0.01
"Joffrey Lauvergne, C",SA,55,9.7,-2.58,-0.42,-3.00,0.04
"Torrey Craig, SG",DEN,39,16.1,-2.17,-0.84,-3.01,0.05
"Dion Waiters, SG",MIA,30,30.6,-2.24,-0.83,-3.07,0.03
"Dennis Smith Jr., PG",DAL,69,29.7,-0.92,-2.17,-3.09,0.05
"Furkan Korkmaz, SG",PHI,14,5.7,-1.94,-1.16,-3.10,0.00
"Jawun Evans, PG",LAC,48,16.2,-2.88,-0.23,-3.11,0.01
"Evan Turner, SF",POR,79,25.7,-2.37,-0.78,-3.15,-0.03
"Skal Labissiere, PF",SAC,60,20.7,-2.17,-1.03,-3.20,-0.06
"Malik Beasley, SG",DEN,62,9.5,-2.09,-1.12,-3.21,-0.03
"Sean Kilpatrick, G",CHI/LAC/MIL/BKN,52,12.3,-2.37,-0.94,-3.31,-0.02
"Lance Stephenson, SG",IND,82,22.6,-0.32,-3.01,-3.33,-0.24
"Aaron Brooks, PG",MIN,32,5.9,-1.86,-1.54,-3.40,-0.03
"Jason Smith, PF",WSH,33,8.6,-3.60,0.15,-3.45,-0.06
"Josh Gray, PG",PHX,5,17.2,-2.54,-1.03,-3.57,-0.03
"Derrick Rose, PG",CLE/MIN,25,16.8,-1.82,-1.77,-3.59,-0.09
"Malachi Richardson, SG",SAC/TOR,26,12.5,-2.63,-1.00,-3.63,-0.10
"Ian Clark, SG",NO,74,19.6,-1.42,-2.26,-3.68,-0.52
"Dragan Bender, PF",PHX,82,25.2,-2.94,-0.74,-3.68,-0.76
"Joe Young, PG",IND,53,10.5,-1.92,-1.77,-3.69,-0.20
"Norman Powell, SF",TOR,70,15.2,-2.58,-1.12,-3.70,-0.39
"Tristan Thompson, C",CLE,53,20.2,-2.45,-1.33,-3.78,-0.45
"Josh Jackson, SG",PHX,77,25.4,-2.37,-1.48,-3.85,-0.94
"Joe Johnson, SG",HOU/UTAH,55,21.9,-3.16,-0.89,-4.05,-0.38
"T.J. Leaf, PF",IND,53,8.6,-1.90,-2.17,-4.07,-0.28
"Isaiah Thomas, PG",CLE/LAL,32,26.9,-0.59,-3.64,-4.23,-0.63
"De'Aaron Fox, PG",SAC,73,27.8,-1.56,-2.71,-4.27,-1.48
"Arron Afflalo, SG",ORL,53,12.9,-2.93,-1.37,-4.30,-0.51
"Rodney Purvis, G",ORL,16,18.1,-3.11,-1.28,-4.39,-0.24
"Tyler Dorsey, SG",ATL,56,17.4,-1.35,-3.09,-4.44,-0.84
"Bismack Biyombo, C",ORL,82,18.2,-4.37,-0.68,-5.05,-1.83
"Jameer Nelson, PG",NO/DET,50,20.3,-2.67,-2.60,-5.27,-1.37
"Paul Zipser, F",CHI,54,15.2,-4.43,-0.99,-5.42,-1.19
"Patrick McCaw, SG",GS,57,16.9,-2.96,-2.58,-5.54,-1.51
"Semi Ojeleye, PF",BOS,73,15.8,-4.67,-1.25,-5.92,-2.03
"Zhou Qi, PF",HOU,18,6.9,-3.26,-0.36,-3.62,-0.04
"Tony Parker, PG",SA,55,19.5,-2.16,-1.49,-3.65,-0.35
"Wesley Iwundu, SF",ORL,62,16.5,-3.79,0.11,-3.68,-0.36
"Zach Collins, C",POR,66,15.8,-2.85,-0.83,-3.68,-0.36
"Quincy Pondexter, SG",CHI,23,8.5,-3.23,-0.47,-3.70,-0.07
"Dwayne Bacon, SF",CHA,53,13.5,-3.99,0.25,-3.74,-0.28
"Miles Plumlee, C",ATL,55,16.7,-4.41,0.58,-3.83,-0.42
"Kay Felder, PG",CHI/DET,16,8.8,-2.60,-1.39,-3.99,-0.08
"Shabazz Muhammad, SG",MIL/MIN,43,9.7,-2.00,-2.07,-4.07,-0.26
"Davon Reed, SG",PHX,21,11.5,-3.46,-0.76,-4.22,-0.18
"Rodney Hood, SG",CLE/UTAH,60,26.9,-0.49,-3.74,-4.23,-1.14
"Terrance Ferguson, SG",OKC,61,12.5,-1.83,-2.45,-4.28,-0.55
"Ben McLemore, SG",MEM,56,19.5,-2.69,-1.69,-4.38,-0.85
"Jerryd Bayless, PG",PHI,39,23.7,-2.56,-1.86,-4.42,-0.79
"Troy Daniels, SG",PHX,79,20.5,0.08,-4.55,-4.47,-1.43
"Cristiano Felicio, C",CHI,55,17.8,-3.62,-1.64,-5.26,-1.34
"Abdel Nader, SF",BOS,48,10.9,-4.01,-1.37,-5.38,-0.77
"Jamal Crawford, SG",MIN,80,20.7,-0.06,-5.37,-5.43,-2.41
"Malik Monk, SG",CHA,63,13.5,-1.53,-4.06,-5.59,-1.36
"Emmanuel Mudiay, PG",DEN/NY,64,19.4,-2.41,-3.68,-6.09,-2.43
"Kobi Simmons, PG",MEM,32,20.1,-2.68,-3.63,-6.31,-1.30
